1DAM,MAT
1GG,MAT
1JvZ,MAT
1MAV,MAT
1MvS,MAT
1MvZ,MAT
1CS-P,MAT
1RAW,MAT
1RJ,MAT
1VN,MAT
1SM-I,MAT
1JAB,AFR
1JM,AFR
1JN,AFR
1LB,AFR
1NS,AFR
1RLE,AFR
1TP,AFR
1VG,AFR
1AF,GEO
1PLC,GEO
1KV-I,GEO
1AR,MUS
1MM,MUS
1MN1,MUS
1GKA,MUS
1HE,AC
1AH-P,AC
1AK,XHO
1AW,XHO
1AvS,FRE
1WR,FRE
1MP,DIV
1AS,SCI
1GR,SCI
1KW,SCI
1LS,SCI
1NHM,SCI
1TvN,SCI
1BE,ENG
1CSM,ENG
1DAS,ENG
1GK,ENG
1JS,ENG
1NMA,ENG
1SCP,ENG
1WT,ENG
1YP,ENG
1CH-I,ENG
1NTG,ENG
1JW,BIO
1KB,BIO
1LG,BIO
1MPB,BIO
1RZ,BIO
1SES,BIO
1CW-P,BIO
1MJ,HIS
1SBH,HIS
1SM,HIS
1WN,HIS
1WW,HIS
1PLM,HIS
1CH-I,HIS
1BRS,LO
1CE,LO
1CSH,LO
1RS,LO
1MH-I,LO
1HM,IT
1TD,IT
1CCS,ECO
1JV,ECO
1KR,ECO
1SH,ECO
1WHS,ECO
1MPW,TEC
1TD,TEC
1HM,TEC
1DR,ACC
