HB01,1G5
HB01,1SAM
HB01,1G3
HB01,1MUS
HB01,1S5
HB01,1G7
HB01,1G6
HB01,1FRR
HB01,1M5
HB01,1M3
HB01,1M7
HB01,1K8
HB01,1N7
HB01,1J4
HB01,1K5
HB01,1G1
HB01,1N9
HB01,1K3
HB01,1S4
HB01,1SAM
HB01,1J2
HB01,1N3
HB01,1MUS
HB01,1LIB
HB01,1N5
HB01,1K9
HB01,1M6
HB01,1J3
HB01,1B1
HB01,1B5
HB01,1M2
HB01,1S3
HB01,1N1
HB01,1S7
HB01,1J7
HB01,1K4
HB01,1MUS
HB01,1MUS
HB01,1MUS
HB01,1B3
HB01,1S2
HB01,1J6
HB01,1S6
HB01,1N2
HB01,1OGV
HB01,1G2
HB01,1J8
HB01,1N11
HB01,1N4
HB01,1K10
HB01,1M4
HB01,1B2
HB01,1K2
HB01,1G4
HB01,1B4
HB01,1M1
HB01,1K1
HB01,1N10
HB01,1S1
HB01,1N6
HB01,1J5
HB01,1K7
HB01,1G8
HB01,1N8
HB01,1K6
HB01,1UPOD
